ID_MUESTRA;ID_EXPERIMENTO;ID_EMPLEADO;CODIGO_MUESTRA;DESCRIPCION_MUESTRA;CLASE_MUESTRA;FECHA_MUESTREO
1;31;15;624-389-800;Strategy weight probably ball let. Budget how whose political recently. Ahead past suddenly life bed.;Materia Prima;2015-03-19 08:26:52
2;34;4;133-012-416;Personal region much education from. Able pretty identify risk. Science series down direction material set focus.;Producto Elaborado;2012-10-25 02:10:09
3;10;16;561-282-243;Against question not should. Section but operation every success newspaper there local.;Producto Elaborado;2017-08-27 16:38:28
4;2;2;501-755-469;Argue place fall security garden black none father. Lead effort political wait lead American former.;Producto Elaborado;2017-10-11 00:28:27
5;5;14;416-640-140;Commercial boy ten. A choice deal consumer feel.;Materia Prima;2014-01-10 14:26:22
6;4;12;281-824-973;Central hear guess plant friend glass. Both apply back form thousand yard. Material as perhaps doctor fine continue.;Materia Prima;2013-09-02 22:17:25
7;6;5;476-119-490;Million risk we range receive may wish guess. Specific box wrong night network next. Middle ability himself investment control word develop. School recently sometimes its consider fish commercial.;Producto Elaborado;2020-02-06 23:33:03
8;4;1;266-032-537;Again bad during success put how. Miss lawyer executive garden east resource by. Government three thought those require hold forward prove. Question hand consider.;Materia Prima;2020-09-14 16:01:45
9;6;16;723-551-678;Onto this mention pattern. Close skin professor race. Old heavy idea yes else.;Producto Elaborado;2015-06-23 09:53:55
10;47;11;960-902-145;Area economic business. Bed region upon picture. All lawyer size it set.;Materia Prima;2015-11-26 20:32:28
11;23;11;411-270-792;Left star list also medical financial month budget. Word hit series relate.;Producto Elaborado;2014-07-09 14:44:06
12;23;15;431-498-023;Approach me store argue method. Rule different end ok example guy. Ground back foot.;Materia Prima;2019-06-26 05:01:37
13;6;20;848-668-507;Beyond production claim argue education. Summer law tonight language true special.;Producto Elaborado;2020-06-04 13:55:55
14;5;8;199-519-043;Various really nearly family bar election. Part bring grow together treat into outside. Name outside rich.;Muestra de proceso;2022-04-26 18:56:21
15;23;19;133-685-618;Maybe agent television true pass build final. Well TV perform follow develop. Throughout human material glass far color whose.;Materia Prima;2014-02-23 21:08:01
16;22;7;761-673-955;Others beautiful early simple when future. Amount key different know service kind ok recent.;Producto Elaborado;2020-01-08 18:21:29
17;29;15;495-093-443;Establish education near describe. Activity certainly long reflect. Buy card executive direction.;Muestra de proceso;2018-04-01 16:35:02
18;26;14;631-836-303;Develop avoid far total instead relate. Every eat ready spend wall that game.;Muestra de proceso;2020-06-28 16:10:41
19;25;10;488-122-814;Herself four design speak skin possible. Its want whom part high yes drug. Same single box alone again picture fear.;Muestra de proceso;2017-02-18 08:29:01
20;40;10;553-187-310;Woman also wife whom tree. Explain level today business cold view.;Materia Prima;2021-09-18 08:41:40
21;41;12;794-806-851;Forget lay nation player practice country available name. Price good every why trial realize more. Spend listen change with miss.;Materia Prima;2019-07-30 14:33:29
22;25;6;239-679-531;Fine company mean help. Catch hour investment room whose conference everyone. Room among church.;Producto Elaborado;2022-04-29 06:28:23
23;9;11;666-570-861;Know require listen serious level entire American maybe. Career total well admit ago.;Muestra de proceso;2018-09-24 15:41:47
24;27;5;538-587-905;Throughout through natural entire human. Lot these ten land possible create senior.;Materia Prima;2017-03-08 12:41:35
25;47;20;404-508-105;Anything why score show phone. Tend husband establish first good ask anything.;Materia Prima;2015-12-10 18:20:44
26;34;18;392-136-895;Wish sort serious. Fish card project program type during.;Materia Prima;2021-12-06 10:32:04
27;36;4;064-762-513;Before against all think cell. Ten there change exactly know available.;Producto Elaborado;2020-09-08 07:16:38
28;41;15;005-826-973;One pull fast customer rest they position bill. Easy five write side. Hand site little.;Producto Elaborado;2017-07-29 14:22:07
29;35;16;026-661-005;Keep approach PM wrong believe. Bad at should also glass.;Muestra de proceso;2022-04-03 00:30:09
30;50;15;518-569-281;Ground nature really money among ago skill. To court yourself bit. Enjoy three real type stay.;Materia Prima;2021-10-19 08:28:50
31;3;11;901-139-324;Least Mr gas common. Serve cultural expect those artist garden. Much customer concern compare over picture young.;Muestra de proceso;2018-01-01 06:08:08
32;29;10;630-248-460;Wind stay ground four protect interest. Daughter him better Republican can cell.;Muestra de proceso;2018-04-08 22:35:53
33;41;1;655-356-445;Democratic foot smile tough. Yard few talk most.;Producto Elaborado;2021-02-13 18:58:36
34;31;9;249-914-495;Explain example movie nature firm common up. Learn also turn just happen.;Muestra de proceso;2013-03-28 05:59:34
35;40;9;641-764-926;Return because huge respond production. Ok fish threat challenge factor majority evening.;Producto Elaborado;2020-03-06 22:07:26
36;28;10;966-137-340;Information form agency prevent ago community even. Economic design indicate travel else everyone chair.;Muestra de proceso;2018-10-01 18:54:46
37;4;15;153-247-145;Hear language our card. Long that either speak east write.;Producto Elaborado;2012-08-13 09:13:35
38;26;19;701-254-366;Dark local series.;Materia Prima;2016-08-31 08:13:52
39;6;12;501-822-821;Blue campaign sometimes big our support. Many country avoid so.;Muestra de proceso;2016-08-04 21:23:25
40;38;5;951-502-349;Present attack shake glass require. Treat care collection then available. Various mean land participant point. Through center loss media guess.;Muestra de proceso;2020-09-18 13:24:43
41;34;3;707-281-929;Fund course tough determine Republican card into water. Know himself them interest his plant. Field home heavy occur prevent.;Materia Prima;2021-11-11 17:42:26
42;36;10;711-010-457;Peace speech between brother. Rest scene stay product.;Muestra de proceso;2020-07-24 04:44:53
43;12;14;021-882-880;Wall happy information drop arrive discover. Yet business traditional set happen. Most hospital eye receive.;Materia Prima;2015-05-04 23:42:49
44;33;16;724-465-679;Everybody quite different job lawyer group soon minute. True past wife water building. Concern couple style expect financial recently.;Materia Prima;2017-02-18 15:42:56
45;12;16;240-786-932;Major eat per case thing personal left always. Quickly pattern work. Real role require. Care how enough across.;Producto Elaborado;2014-06-02 17:29:41
46;39;13;007-846-988;Blood response accept hot. Baby off page practice part. Education wear me head. Hundred expect marriage claim everyone.;Muestra de proceso;2017-05-17 07:23:58
47;41;4;131-294-881;Project out deal material. Employee within heavy store. Church maintain vote believe see recognize sport. Foot shake direction example positive.;Muestra de proceso;2014-11-25 13:28:42
48;48;16;320-190-784;Cell true look instead together similar. Window onto share hundred hand many either study. Role report former thank.;Producto Elaborado;2015-09-04 10:03:09
49;29;19;317-798-759;Character role particular time south young think result. Protect what these role put business.;Producto Elaborado;2020-09-20 05:46:13
50;7;18;938-139-234;Spend return policy front financial run. Myself laugh kitchen by film station race. Dog despite effect section market position.;Producto Elaborado;2018-05-03 10:21:30
51;21;18;058-745-278;What act expect week forget child. Arm turn performance better news under last trouble. Sister size hand although quickly exactly lot energy. Area public lot enjoy.;Producto Elaborado;2013-09-26 20:24:53
52;10;9;106-407-427;Least feeling report significant. Probably yeah themselves either people total option manage. Staff goal talk federal response business.;Muestra de proceso;2014-06-04 12:43:46
53;15;1;711-505-197;Late national challenge media fill. Remain contain until with detail second.;Muestra de proceso;2015-10-21 14:29:52
54;10;20;080-693-286;Music executive face between work. Process always push partner others offer.;Materia Prima;2019-12-26 01:22:02
55;34;20;867-040-557;Night compare increase somebody social civil. Agreement people well. Adult rise too thought. Ask price type agency behind some.;Muestra de proceso;2018-06-28 05:08:23
56;15;5;020-615-589;Inside group participant begin line us. Send minute another Congress evidence. Single for deep which trouble only health student.;Producto Elaborado;2019-06-13 20:59:36
57;23;5;170-967-974;Hit ever picture land. Tell table could artist key memory.;Materia Prima;2019-04-28 10:09:46
58;44;18;611-838-065;Fear authority word exist do. Fact lose agreement treat. Bed happen free project.;Muestra de proceso;2016-04-03 04:04:39
59;22;13;786-029-732;Also reflect clear run forget local.;Muestra de proceso;2014-09-29 02:33:59
60;13;5;331-885-836;Do too benefit wait health police art. Agent foreign process someone.;Muestra de proceso;2020-04-13 10:12:04
61;29;8;097-324-958;Human more politics politics live land perhaps base. Bag very cultural where could program. Leg week plant throughout point article time.;Muestra de proceso;2012-08-22 18:17:59
62;32;19;361-199-453;Enter parent these budget position wonder tree. Course end long least. Society treat box win bit already never.;Producto Elaborado;2016-06-09 03:22:21
63;37;20;326-277-003;Say property somebody develop.;Producto Elaborado;2014-04-23 15:19:36
64;30;1;902-447-275;Oil eye share let vote. Group now man game. Season tonight ready media main economy reflect.;Materia Prima;2015-06-28 19:01:32
65;44;9;785-444-520;Score give price blue. Act government leave within employee great manage. Buy story ready else.;Muestra de proceso;2013-05-20 04:05:46
66;45;8;542-239-795;Heavy economic occur nor. Century season range site common. Specific assume catch drug technology choose.;Muestra de proceso;2014-08-06 21:45:41
67;4;8;153-976-202;Put pull cost conference too through music travel. Join new five traditional room wear.;Materia Prima;2014-05-27 11:58:31
68;6;8;302-668-954;International recently community dark factor city. Television attorney oil marriage product worry. He parent very keep.;Muestra de proceso;2019-01-02 09:49:52
69;4;11;639-953-383;Subject home eye evidence should way direction try.;Materia Prima;2019-09-25 13:33:05
70;44;20;695-874-917;Simple hope particularly idea theory worry trial. Behavior soldier performance form some impact. Develop trial keep.;Muestra de proceso;2016-08-25 19:03:02
71;6;6;599-398-959;Couple rule campaign practice position network. Project old hot response military feel himself. Management board no nature culture PM. Then American mother current contain candidate.;Materia Prima;2020-10-02 23:50:12
72;49;17;049-693-440;Thus every hand give along right. Cold loss space. Physical amount language claim.;Materia Prima;2013-03-11 09:09:52
73;50;10;634-474-556;Model just financial again true. Over two here all. Commercial my to concern score of.;Producto Elaborado;2019-02-04 16:36:43
74;14;9;577-799-618;Let able daughter.;Materia Prima;2012-06-04 23:21:13
75;26;12;104-368-325;Who force represent leave bad. Article activity commercial impact sing. Light tax message interview far performance force.;Muestra de proceso;2016-02-10 19:36:00
76;24;19;280-733-920;Other report require edge yes participant cup. Various gun task debate.;Muestra de proceso;2021-12-17 23:58:35
77;31;8;989-661-723;Stop street face but site. Whole ask brother consider attorney. Both push television.;Muestra de proceso;2017-05-14 07:04:09
78;46;13;768-598-274;Practice indicate whatever increase hour. Every six boy fill prove. Letter society grow design final affect win.;Muestra de proceso;2021-08-20 00:47:59
79;44;9;476-396-628;Partner company far point task cold get. Room across enjoy painting many method. Heart Republican hope increase near.;Producto Elaborado;2016-06-20 06:06:34
80;34;17;973-753-358;Hot lose relationship color off turn. Wear deep street anything out news sure enter. Memory bring black top.;Muestra de proceso;2020-12-15 14:42:50
81;19;8;475-012-448;Business need leader hotel need accept. Across support into language executive court impact. Thank east green sometimes same civil nearly.;Producto Elaborado;2014-07-15 06:32:06
82;45;19;380-057-949;Describe get school customer power feeling.;Producto Elaborado;2019-01-27 02:23:50
83;15;8;318-314-228;Someone month mouth term purpose. Whose professional response.;Producto Elaborado;2012-12-12 01:33:46
84;41;8;029-335-482;Present again cover measure food even nice. Quality production size performance public with do. Point study yeah his.;Materia Prima;2018-10-31 03:54:30
85;30;6;860-982-997;Control look product single conference past. Likely become national along serve. Color particular he care.;Materia Prima;2021-08-02 01:03:40
86;18;4;078-923-342;Actually worker quickly quickly mother.;Materia Prima;2020-01-23 03:08:57
87;14;19;342-529-048;Want ten life only. Require old at pay hundred modern. Long tough thus off.;Muestra de proceso;2016-10-20 14:50:43
88;29;9;599-877-999;Good figure nation clear visit take. If those space program big.;Producto Elaborado;2020-01-28 15:41:25
89;29;6;254-254-140;Where player well when which. Simple argue certain half media decade security. Toward often religious decade. Both success have field.;Muestra de proceso;2021-10-23 14:28:57
90;10;18;233-076-314;Allow husband could if challenge cultural whose.;Producto Elaborado;2012-06-21 14:58:46
91;37;5;757-568-401;Tax out scene smile agreement. Practice art energy against small share. Treatment sit nice.;Materia Prima;2013-11-28 04:39:16
92;45;14;002-559-800;Manager federal story government happen. Fear single price.;Producto Elaborado;2017-09-14 23:22:42
93;22;19;020-999-683;Beat available performance wrong all. Each list loss. Drug story toward method.;Producto Elaborado;2017-05-24 06:04:25
94;28;3;124-394-074;Listen option situation individual. Policy family reduce animal year.;Muestra de proceso;2017-04-13 02:42:35
95;1;9;054-281-545;Design major forward name stand five. Raise while network south special large.;Materia Prima;2020-11-16 07:01:01
96;8;2;057-707-615;Want support civil building relationship bad we else. Old condition western decade society. Morning about free discover pretty.;Producto Elaborado;2015-12-17 23:43:55
97;13;10;738-386-048;Involve institution turn body miss feeling executive choose. Message four join front risk.;Muestra de proceso;2012-08-23 13:47:33
98;46;6;995-289-769;Evening authority condition meet total. And pretty bill goal one think.;Muestra de proceso;2017-07-01 15:08:35
99;16;19;333-077-196;Skin term guess participant stand. Scientist perform church however. That culture too conference.;Materia Prima;2021-09-03 00:52:32
100;35;14;764-033-341;Religious account floor sign step land tonight onto. Really officer knowledge admit we. Low man let American. Assume federal paper.;Muestra de proceso;2014-09-11 04:51:22
